{"cameraMode":{"drawMode":0,"name":"Shaded","section":"Shading Mode"},"sceneLighting":true,"audioPlay":false,"sceneViewState":{"showFog":true,"showMaterialUpdate":false,"showSkybox":true,"showFlares":true,"showImageEffects":true,"showParticleSystems":true},"in2DMode":false,"pivot":{"x":31.755931854248048,"y":43.33555221557617,"z":-84.48481750488281},"rotation":{"x":0.07881666719913483,"y":0.8835722208023071,"z":-0.1610931158065796,"w":0.4326764941215515},"size":5.235541343688965,"orthographic":false}