{"cameraMode":{"drawMode":0,"name":"Shaded","section":"Shading Mode"},"sceneLighting":true,"audioPlay":false,"sceneViewState":{"showFog":true,"showMaterialUpdate":true,"showSkybox":true,"showFlares":true,"showImageEffects":true,"showParticleSystems":true},"in2DMode":false,"pivot":{"x":2.644162178039551,"y":-4.360753059387207,"z":-40.8031120300293},"rotation":{"x":0.05073903128504753,"y":-0.9313139319419861,"z":0.14246971905231477,"w":0.3315093517303467},"size":11.823025703430176,"orthographic":false}