{"cameraMode":{"drawMode":0,"name":"Shaded","section":"Shading Mode"},"sceneLighting":false,"audioPlay":false,"sceneViewState":{"showFog":true,"showMaterialUpdate":false,"showSkybox":false,"showFlares":true,"showImageEffects":true,"showParticleSystems":true},"in2DMode":false,"pivot":{"x":24.227338790893556,"y":-1.0659006834030152,"z":-40.596858978271487},"rotation":{"x":0.010491102933883667,"y":-0.9709018468856812,"z":0.2363506704568863,"w":0.040946681052446368},"size":1.843880295753479,"orthographic":false}