{"cameraMode":{"drawMode":0,"name":"Shaded","section":"Shading Mode"},"sceneLighting":false,"audioPlay":false,"sceneViewState":{"showFog":true,"showMaterialUpdate":false,"showSkybox":false,"showFlares":true,"showImageEffects":true,"showParticleSystems":true},"in2DMode":false,"pivot":{"x":43.0061149597168,"y":1.1253232955932618,"z":-20.663135528564454},"rotation":{"x":0.056805916130542758,"y":0.8117671608924866,"z":-0.06979743391275406,"w":0.5754258632659912},"size":1.8438796997070313,"orthographic":false}