{"cameraMode":{"drawMode":0,"name":"Shaded","section":"Shading Mode"},"sceneLighting":false,"audioPlay":false,"sceneViewState":{"showFog":true,"showMaterialUpdate":false,"showSkybox":false,"showFlares":true,"showImageEffects":true,"showParticleSystems":true,"showVisualEffectGraphs":true,"m_FxEnabled":true},"in2DMode":false,"pivot":{"x":-0.007105588912963867,"y":0.02155888080596924,"z":-0.011665701866149903},"rotation":{"x":0.3716626465320587,"y":0.2714898884296417,"z":-0.106983982026577,"w":0.8801379799842835},"size":0.22444196045398713,"orthographic":false}